,count,mean,std,min,25%,50%,75%,max
Age,2392.0,16.468645484949832,1.1237983798555553,15.0,15.0,16.0,17.0,18.0
StudyTimeWeekly,2392.0,9.771991919431738,5.652774235860264,0.001056538645936,5.043079161539899,9.705363212574394,14.408409547514031,19.97809399526153
Absences,2392.0,14.54138795986622,8.467417379917386,0.0,7.0,15.0,22.0,29.0
GPA,2392.0,1.9061863027265407,0.9151558203249592,0.0,1.1748034468836228,1.8933926937866847,2.622216170450785,4.0
